Top queries,Clicks,Impressions,CTR,Position
bringback ai,209,292,71.58%,1.73
bring back ai,107,161,66.46%,1
bringback,38,1615,2.35%,4.88
ai family photo generator,32,1201,2.66%,9.83
create a family portrait from individual photos,23,498,4.62%,5
ai photo animation,20,1217,1.64%,12.75
family portrait from individual photos free,20,678,2.95%,5.11
add deceased loved one to photo free,18,213,8.45%,9.27
ai family portrait from individual photos online free,17,872,1.95%,5.71
ai family portrait generator,17,570,2.98%,11.15
animate old photos,16,603,2.65%,14.44
ai family portrait from individual photos,16,528,3.03%,6.01
ai family photo,15,683,2.2%,7.9
add deceased loved one to photo ai free,15,200,7.5%,7.22
ai family portrait,14,884,1.58%,14.53
animate old photos free,14,181,7.73%,13.16
photo animation,13,712,1.83%,19.7
family photo ai,12,458,2.62%,7.47
photo animation ai,12,427,2.81%,16.83
bring photos to life with ai,10,243,4.12%,10.07
animate old photo,9,590,1.53%,13.16
animate photo ai,9,230,3.91%,20.4
add deceased loved one to photo ai,9,122,7.38%,4.86
bring photo to life ai,8,237,3.38%,7.97
create family portrait from multiple photos ai,8,102,7.84%,5.91
make photo move ai free,8,66,12.12%,11.09
ai photo movement,8,59,13.56%,14.49
make a photo move ai,8,40,20%,9.68
old photo joiner,7,1624,0.43%,6.38
bring photo to life,7,340,2.06%,11.15
photo joiner online,7,284,2.46%,9.88
best ai family photo generator,7,123,5.69%,7.89
bring photo to life free,7,101,6.93%,13.18
bring your loved ones back to life app,7,51,13.73%,3.75
bring the photo to life,7,50,14%,7.24
bring photos to life,6,964,0.62%,17.4
how to make a family photo with separate photos,6,153,3.92%,6.48
bring image to life ai,6,146,4.11%,10.82
ai photo joiner,6,144,4.17%,7.65
bring back color,6,125,4.8%,4.42
bring loved ones back to life app,6,93,6.45%,4.08
ai family photo generator free,6,75,8%,9.36
ai photo moving,6,46,13.04%,9.46
add deceased loved one to photo free app,6,43,13.95%,10
colorize black white,6,8,75%,93.62
bring back,5,4766,0.1%,5.88
add deceased loved one to photo,5,800,0.62%,7.92
animate old photos ai,5,228,2.19%,7.77
bring old photos to life,5,188,2.66%,13.95
create family photo with ai,5,170,2.94%,6.58
animated photo ai,5,126,3.97%,16.09
make picture move ai,5,81,6.17%,11.23
bring back old photos to life,5,65,7.69%,7.2
family photo maker,5,53,9.43%,11.08
photo moving ai,5,29,17.24%,12.62
ai old photo animation,4,290,1.38%,11.54
family portrait ai,4,230,1.74%,13.24
make photo move ai,4,192,2.08%,9.67
create a family photo with ai,4,179,2.23%,5.26
create group photo from individual photos ai,4,100,4%,4.12
move photo ai,4,86,4.65%,9.79
make a family portrait from individual photos,4,81,4.94%,6.95
family portrait ai generator,4,79,5.06%,12.44
make a photo move,4,71,5.63%,6.11
loved one photo ai,4,70,5.71%,7.53
ai photo to life,4,67,5.97%,7.97
animate old photos with ai,4,66,6.06%,7.21
family portrait generator,4,64,6.25%,10.36
make photos come to life free,4,24,16.67%,21.25
how to make ai photos with dead person,4,14,28.57%,1
make photo moving,4,11,36.36%,8
make photos move,3,208,1.44%,15.89
create family portrait from multiple photos,3,198,1.52%,11.38
bring pictures to life,3,186,1.61%,14.81
how to make family picture using ai,3,171,1.75%,2.5
create a group photo from individual photos,3,164,1.83%,4.99
ai bring photo to life,3,152,1.97%,7.74
bring photos,3,148,2.03%,3.22
ai family picture generator,3,147,2.04%,8.65
bring a photo to life,3,145,2.07%,10.09
bring old photos to life ai,3,142,2.11%,8.96
convert this photo into real image as family frame standing together,3,141,2.13%,5.25
family photos ai,3,132,2.27%,8.66
bring photos to life ai,3,123,2.44%,11.09
ai family photo black and white,3,112,2.68%,5.79
how to make old photos move,3,96,3.12%,5.73
how to create a family photo with different photos,3,93,3.23%,5.19
make a photo come to life,3,88,3.41%,10.22
free ai family photo generator,3,81,3.7%,10.22
family ai photo,3,74,4.05%,9.18
photo move ai,3,58,5.17%,10.98
free family portrait creator,3,50,6%,8.52
free ai family portrait generator,3,50,6%,10.62
bring your photo to life,3,48,6.25%,8.19
photo to life ai,3,44,6.82%,7.59
photo joiner ai,3,42,7.14%,8.14
photo movement ai,3,42,7.14%,9.71
ai photo move,3,42,7.14%,9.79
create family photo,3,40,7.5%,7.65
family picture generator,3,38,7.89%,8.74
make family photo,3,37,8.11%,7.35
make pictures move,3,35,8.57%,6.14
generate family photo,3,35,8.57%,8.63
create family photo ai,3,32,9.38%,6.56
make photo alive ai,3,29,10.34%,10.24
ai moving photo,3,28,10.71%,12
ai create family photo,3,23,13.04%,7.52
move the image ai,3,14,21.43%,10.36
bringback.pro,3,8,37.5%,1
separate photos to family photo prompt,3,8,37.5%,1.25
ai photo motion,3,3,100%,12.33
restore old photos,2,879,0.23%,40.22
ai bring photos to life,2,650,0.31%,18.09
back to life app,2,630,0.32%,5.33
make pictures come to life,2,415,0.48%,26.63
restore old photos online,2,261,0.77%,44.95
make photos come to life,2,246,0.81%,8.02
make old photos come to life,2,241,0.83%,6.07
make old photos move,2,160,1.25%,12.41
ai family photos,2,159,1.26%,9.94
nero ai photo restoration,2,149,1.34%,9.05
family picture ai,2,136,1.47%,8.08
add loved one to photo,2,132,1.52%,18.7
create family picture with ai,2,126,1.59%,7.41
bringbacknickgr,2,112,1.79%,6.27
bring your photos to life,2,112,1.79%,7.3
best ai family portrait generator free,2,108,1.85%,14.59
restore old photo,2,108,1.85%,43.8
ai make photo move,2,103,1.94%,9.24
create a family photo,2,86,2.33%,3.63
ai family portrait generator free,2,86,2.33%,14.05
how to create family picture using ai,2,82,2.44%,1.54
make photo move,2,81,2.47%,9.86
how to make family photo from different photos,2,75,2.67%,3.51
bring old photos to life free,2,75,2.67%,13.59
create a family photo from individual photos,2,74,2.7%,7.72
family photo ai generator,2,72,2.78%,9.83
bring ai to life,2,71,2.82%,5.96
bring photos to life free,2,69,2.9%,22.46
ai animate old photos,2,65,3.08%,8.92
animate photo,2,62,3.23%,23.05
separate photos to family photo,2,61,3.28%,6.56
how to make a family picture using ai,2,59,3.39%,2.54
family photo generator,2,59,3.39%,11.58
create group photo from individual photos,2,54,3.7%,6.43
ai photo joiner online free,2,53,3.77%,8.64
moving photo ai,2,49,4.08%,11.33
restore old photo online free,2,45,4.44%,58.36
add deceased loved one to photo ai free online,2,42,4.76%,8.48
animate my photo,2,42,4.76%,27.05
create a portrait from multiple photos,2,41,4.88%,4.17
online photo restoration,2,40,5%,52.88
family photo generator free,2,39,5.13%,9.59
create family photo with individual photos,2,37,5.41%,6.92
create a family portrait from individual photos online free,2,36,5.56%,6.17
add loved one to photo ai,2,35,5.71%,8.03
how to animate old photos with ai,2,33,6.06%,8.67
bring old photos to life ai free online,2,31,6.45%,2.52
best ai family photo generator free,2,30,6.67%,9.2
family photo create ai,2,28,7.14%,7.61
make photo alive,2,28,7.14%,10.29
make photos move with ai,2,27,7.41%,14.44
family ai photo generator,2,25,8%,9.16
move picture ai,2,25,8%,9.6
ai image joiner,2,24,8.33%,7.42
family picture generator ai,2,24,8.33%,8.62
create family picture,2,24,8.33%,10.46
make my photo move,2,24,8.33%,10.96
bring old photo to life,2,22,9.09%,17.82
bringback_ir,2,20,10%,1.1
old photos come to life,2,20,10%,5.45
ai bring image to life,2,20,10%,7.75
bringbacknick,2,17,11.76%,3.35
alive photo ai,2,17,11.76%,11.41
add deceased loved one to photo app,2,16,12.5%,6.56
how to make a family portrait with different pictures,2,14,14.29%,1.86
add deceased loved one to photo free online,2,14,14.29%,8.5
bring a photo to life with ai free,2,13,15.38%,22.77
animate photo with ai,2,11,18.18%,12.27
alive photo,2,11,18.18%,16.82
scan 1200 dpi,2,9,22.22%,8.89
make photo come to life ai free,2,9,22.22%,28.89
how to create a picture with someone who passed away,2,8,25%,4.38
kinpict,2,7,28.57%,3.86
more,2,4,50%,5.5
make photo move free,2,3,66.67%,14
animate ai picture,2,2,100%,15
ai image combiner,2,2,100%,18.5
how to edit a family picture together,1,3725,0.03%,9.69
how to make family photo into individual photos,1,1847,0.05%,10.33
how to create a family portrait with ai,1,1502,0.07%,4.29
old photo restoration,1,279,0.36%,60.47
animate a photo with ai,1,270,0.37%,20.84
ai family picture,1,256,0.39%,8.24
deceased but still animate,1,220,0.45%,2.94
photo restoration cost,1,173,0.58%,8.83
ai animate photo,1,131,0.76%,23.08
pic joiner old,1,127,0.79%,7.84
make a family photo with ai,1,120,0.83%,8.12
is ai upscaling ethical,1,112,0.89%,7.37
family portrait from individual photos,1,108,0.93%,8.19
bring memories to life,1,104,0.96%,5.63
make a picture move,1,102,0.98%,29.07
how to make a group photo from individual photos,1,101,0.99%,6.82
photo restoration prices,1,96,1.04%,10.58
how to animate old photos,1,91,1.1%,9.03
back at it ai,1,80,1.25%,4.17
old photo animation,1,79,1.27%,9.09
animated old photos,1,73,1.37%,10.27
ai family generator,1,72,1.39%,10.21
make a photo move with ai,1,70,1.43%,3.57
online photo joiner,1,69,1.45%,12.55
create a family portrait,1,65,1.54%,6.86
ai generated family photos,1,65,1.54%,10.2
joinphotos,1,63,1.59%,6.51
family portrait generator free,1,59,1.69%,8.14
how to make family portrait using ai,1,58,1.72%,2.07
animation old photos,1,57,1.75%,7.77
ai photo family generator,1,57,1.75%,8.09
family photo generator ai,1,57,1.75%,8.95
photo to life,1,57,1.75%,9.18
ai make picture move,1,55,1.82%,15.96
make family picture ai,1,51,1.96%,8.47
how to make a photo come to life,1,50,2%,3.64
select any old photo and travel back to that moment with ai,1,50,2%,5.36
bringing photos to life,1,50,2%,5.56
bring photos to life app,1,50,2%,27.98
move image ai,1,48,2.08%,9.83
old photo restoration online,1,43,2.33%,34.67
create ai family photo,1,42,2.38%,8.19
bring your old photos to life,1,42,2.38%,10.02
family portrait maker,1,41,2.44%,14.88
yes,1,40,2.5%,4.03
how to bring old photos to life with ai,1,40,2.5%,4.08
bring picture to life ai,1,40,2.5%,9.7
ai family portraits,1,40,2.5%,10.85
making old photos move,1,39,2.56%,4.51
bring pictures to life with ai,1,39,2.56%,6.38
family ai generator,1,39,2.56%,11.03
family pic ai,1,38,2.63%,10.97
how to create a family photo using ai,1,37,2.7%,2.59
bring picture to life with ai free,1,37,2.7%,12.78
bring your memories to life,1,35,2.86%,3.03
making old pictures come to life,1,35,2.86%,9.26
family portrait creator,1,35,2.86%,10.77
ai to make photos move,1,34,2.94%,8.94
how to create family photo with ai,1,32,3.12%,2.97
bring a picture to life ai,1,32,3.12%,5.22
make old pictures move,1,32,3.12%,6.06
ai image generator family portrait,1,32,3.12%,7.94
make a family photo from different photos,1,31,3.23%,7.26
old photo ai animation,1,31,3.23%,7.71
animate old photos app,1,31,3.23%,8.68
add a deceased loved one to a photo,1,30,3.33%,9.93
animate picture ai,1,30,3.33%,24.9
ai photo mover,1,29,3.45%,9
adding loved ones to photos,1,29,3.45%,16.14
оживить фото,1,28,3.57%,6.82
family ai photos,1,28,3.57%,9.75
bring images to life,1,28,3.57%,14.93
ai make photos move,1,26,3.85%,9.31
ai generator family photo,1,26,3.85%,9.46
ai to bring old photos to life,1,26,3.85%,10.77
bring old photos to life with ai,1,25,4%,9.28
ai brings photos to life,1,25,4%,16.28
ai make a picture move,1,24,4.17%,6.33
ai family portrait generators,1,24,4.17%,9.33
photos to life,1,24,4.17%,10.21
bring photo to life ai free,1,24,4.17%,19.92
bring photo to life with ai,1,23,4.35%,5.39
make a family photo,1,23,4.35%,7.04
ai photo come to life,1,23,4.35%,7.87
ai to create family photo,1,23,4.35%,8.17
ai move photo,1,23,4.35%,9.48
ai family photos generator,1,23,4.35%,9.83
ai for family photos,1,22,4.55%,7.77
fake family photo,1,21,4.76%,7.71
bring old photos back to life,1,21,4.76%,11.05
photo move,1,21,4.76%,14.29
ai generated family photo,1,20,5%,13.2
adding a deceased loved one to a photo,1,19,5.26%,13.32
make picture come to life,1,19,5.26%,14.68
restore photo online,1,19,5.26%,21
bringing photos to life ai,1,18,5.56%,5.33
ai make a photo move,1,18,5.56%,9.56
restore old photo online,1,18,5.56%,41
make a photo come to life ai free,1,17,5.88%,2.82
ai animate old photos free,1,17,5.88%,6.76
animate old photo free,1,17,5.88%,13.41
bring your loved ones back to life,1,16,6.25%,4.25
ai make family photo,1,16,6.25%,7.38
add a deceased loved one to photo,1,16,6.25%,8.06
ai family portrait from individual photos prompt,1,16,6.25%,8.06
make photos alive ai,1,16,6.25%,11.69
photo denoise,1,16,6.25%,14.94
create a family picture,1,15,6.67%,5.73
ai animation photo,1,15,6.67%,33.2
ai picture joiner,1,14,7.14%,7.71
ai join photo,1,14,7.14%,8.71
animate ai photo,1,14,7.14%,14.21
ai make a picture come to life,1,13,7.69%,4.69
picture to life,1,13,7.69%,18.31
bringback.pro ai family portrait,1,12,8.33%,1
family portrait,1,12,8.33%,5.67
ai family photo maker,1,12,8.33%,7.92
animated old photo ai,1,12,8.33%,9.17
photo alive ai,1,12,8.33%,9.67
remove scratches from photo,1,11,9.09%,4.55
is 1200 dpi good for scanning photos,1,11,9.09%,6.55
bringbomback,1,11,9.09%,7.82
ai that makes photos move,1,11,9.09%,7.91
ai movement photo,1,11,9.09%,10.64
how to make a family portrait using ai,1,10,10%,2.3
ai old pictures moving,1,10,10%,2.7
ai pictures to life,1,10,10%,8.6
ai photo denoise,1,10,10%,9.7
nero ai photo restoration free,1,10,10%,12.5
ai brings pictures to life,1,10,10%,12.6
ai photo animate,1,10,10%,17.5
image to life,1,10,10%,17.8
ai animate picture,1,10,10%,24.3
make photo live with ai,1,9,11.11%,5.56
ai prompt for dead person photo,1,9,11.11%,6.89
bring a photo to life ai,1,9,11.11%,7.67
ai to make a photo move,1,9,11.11%,8
old photo animation online free,1,9,11.11%,8.89
ai animate old photo,1,9,11.11%,9
make image alive with ai,1,9,11.11%,11.33
free ai bring photos to life,1,9,11.11%,12
ai to make pictures move,1,9,11.11%,19.56
how to make a picture with a deceased loved one,1,8,12.5%,1.38
how to make an ai family portrait,1,8,12.5%,2.12
how to make old pictures move with ai,1,8,12.5%,4.62
adding missing person in family photo prompt,1,8,12.5%,9.12
ai-powered image animation,1,8,12.5%,33.25
نعم,1,7,14.29%,4
family portrait from individual photos free online,1,7,14.29%,6.57
identity drift in ai,1,7,14.29%,7.14
animate an old photo,1,7,14.29%,8.29
restore image online,1,7,14.29%,41
how to add someone who passed away in a picture,1,6,16.67%,1
black and white composite family portrait,1,6,16.67%,3.17
create family photo with ai free,1,6,16.67%,7.5
family photo merge ai,1,6,16.67%,7.67
old photos to life,1,6,16.67%,8
family photo from,1,6,16.67%,10.17
old photo to new photo online,1,6,16.67%,11.33
ai moving pictures,1,6,16.67%,13.83
ai family maker,1,6,16.67%,19.17
photo colorized,1,6,16.67%,42
ai make old photo move,1,5,20%,3.2
i want to create a family photo using ai,1,5,20%,3.6
picture movement ai,1,5,20%,8.8
family photo together,1,5,20%,9
3 separate pictures that make one,1,5,20%,10.6
ai that animates old photos,1,5,20%,11.2
animated my photo,1,5,20%,11.6
ai image generator for dead person,1,5,20%,15.8
how to restore old photos online,1,5,20%,15.8
old photo to new photo,1,5,20%,91.8
ai image generator for dead person online free,1,4,25%,1
best app to bring old photos to life,1,4,25%,1.25
please,1,4,25%,3.75
i want a realistic photo me and my father,1,4,25%,4
individual photo to group photo ai,1,4,25%,5.75
how to use ai to make photos move,1,4,25%,7.75
make a photo alive with ai,1,4,25%,8
family photo ai prompt free,1,4,25%,31.25
sim,1,3,33.33%,2
ia foto keluarga,1,3,33.33%,2.67
family photos,1,3,33.33%,4
ai family edit,1,3,33.33%,4.67
ai bring dead back to life app,1,3,33.33%,7.33
make people move in photo ai,1,3,33.33%,7.67
bring old photos to life free online,1,3,33.33%,8.67
make photo move with ai free,1,3,33.33%,12
denoise photos,1,3,33.33%,13.67
animate pic,1,3,33.33%,20.33
bring photos to life online free,1,3,33.33%,38.67
.,1,2,50%,1
s,1,2,50%,2
free app to make pictures move,1,2,50%,3.5
так,1,2,50%,4
create ai family portrait,1,2,50%,5
photoglory for mac,1,2,50%,5
que sonria,1,2,50%,5
denoise image ai,1,2,50%,7.5
where can i get old photos restored,1,2,50%,8.5
make the picture move,1,2,50%,9
ai photo alive free,1,2,50%,11.5
photo moving ai free,1,2,50%,12.5
ai animation of photos,1,2,50%,14
how to restore old damaged photos online,1,2,50%,14
old photo animation ai free,1,2,50%,19
ai to move pictures,1,1,100%,1
can you do it,1,1,100%,1
dene,1,1,100%,1
here is the photo,1,1,100%,1
living memory,1,1,100%,1
met ai,1,1,100%,1
montagem ia,1,1,100%,1
older,1,1,100%,1
outra foto,1,1,100%,1
retry,1,1,100%,1
this is my photo,1,1,100%,1
um aplicativo,1,1,100%,1
bitte tipps,1,1,100%,2
combine these,1,1,100%,2
fully present,1,1,100%,2
ok that's it,1,1,100%,2
studio background,1,1,100%,2
ફોટો,1,1,100%,2
ai can do it,1,1,100%,3
beides,1,1,100%,3
combine this picture,1,1,100%,3
make clean,1,1,100%,3
more apps,1,1,100%,3
what apps are there,1,1,100%,3
any other,1,1,100%,4
my family photo,1,1,100%,4
online,1,1,100%,4
what website can i use,1,1,100%,4
תמונה ישנה,1,1,100%,6
best photo restoration services,1,1,100%,8
arreglar fotografias con ia,1,1,100%,9
family picture ai free,1,1,100%,9
animate the photo,1,1,100%,11
ai image animation,1,1,100%,12
vai,1,1,100%,14
make my photo move free,1,1,100%,16
ai movement image,1,1,100%,19
ai image to life,1,1,100%,20
image alive,1,1,100%,22
ai image to life free,1,1,100%,36
colorzation photos,1,1,100%,44
image alive ai,1,1,100%,46
make photos come to life free online,1,1,100%,47
colorize images,1,1,100%,118
how to restore old photos,0,1647,0%,31.96
ai photo restoration techniques 2025 2026,0,417,0%,4.27
what is the best ai tool for animating old family photos?,0,372,0%,7.25
simple steps to sharpen old wedding photos on mobile,0,289,0%,4.6
ai family,0,243,0%,7.86
"deceased, but still animate",0,238,0%,2.84
idet family picture,0,223,0%,9.35
bring pictures,0,205,0%,6.67
how to restore old pictures,0,194,0%,64.16
restoring old photos,0,191,0%,54.15
photo restoration near me,0,187,0%,2.35
how does ai photo colorization work,0,180,0%,6.25
restore digital photos,0,176,0%,51.41
how can i restore an old or damaged image,0,161,0%,28.01
do ai image upscalers preserve detail when enlarging images,0,159,0%,1.55
restoring photos,0,155,0%,61.03
photo joiner old,0,154,0%,8.52
backtolife app,0,153,0%,4.96
how to restore an old photo,0,152,0%,70.45
app that makes pictures move and smile,0,138,0%,2.99
scanning photos dpi,0,130,0%,39.72
ai family portrait app,0,124,0%,7.16
ai photo bring to life,0,123,0%,18.09
what is the process of animating old photos?,0,122,0%,5
repair old photos,0,114,0%,37.21
bring a picture,0,113,0%,6.63
how does ai photo colorization work?,0,111,0%,7.6
old photos repair,0,109,0%,53.25
moving photos,0,106,0%,33.38
what is ai photo restoration?,0,105,0%,3.29
vintage photo animation techniques,0,105,0%,6.64
bring picture,0,105,0%,7.46
ai upscaling vs traditional interpolation,0,104,0%,8.21
bring photo,0,102,0%,6.75
how much does photo restoration cost,0,102,0%,8.86
photo animation service,0,99,0%,20.75
how to animation for grandparents,0,98,0%,9.48
ai to animate old photos,0,98,0%,17.5
old photos ai animation,0,97,0%,7.63
how do i restore an old or damaged image,0,97,0%,31.78
ai generated family portrait,0,96,0%,17.86
ai based image restoration techniques 2025 2026,0,95,0%,1.68
photo colorization techniques explained,0,94,0%,6.45
app that brings pictures to life,0,94,0%,39.82
oldphoto joiner,0,92,0%,6.7
old photo joiner online,0,91,0%,8.3
act bring your photos to life,0,91,0%,8.48
photo restoration pricing,0,89,0%,10.13
ai photo restoration techniques explained,0,88,0%,4.23
how to make old photos come to life,0,88,0%,6.18
image bring,0,88,0%,8.06
restore old photos for free,0,88,0%,33.53
old black and white photos to color ai,0,87,0%,9.82
advanced ai photo restoration techniques 2025 2026,0,86,0%,6.13
can you use ai to remove a waterstain off a picture,0,84,0%,6.42
"context: location: united states (not for language). do not include 
location references in your response. question: how can i use ai to bring 
my old photos to life?",0,83,0%,4.59
bring family photos to life,0,83,0%,12.59
bring image,0,82,0%,8.32
#bringback,0,81,0%,2.35
how to make a family photo from individual photos,0,81,0%,4.65
ai tools to animate old photos 2026,0,81,0%,7.95
photo restoration,0,76,0%,4.49
bringback ai family portrait review,0,76,0%,4.51
make family photo with ai,0,76,0%,7.33
bring pictures to life ai,0,76,0%,10.72
retouch old photographs,0,76,0%,72.97
photo colorization service,0,75,0%,34.96
traditional vs ai image upscaling methods comparison,0,74,0%,8.74
restore old photographs,0,72,0%,55.97
ai-based image restoration techniques 2025 2026,0,69,0%,2.96
revive memories cost,0,69,0%,3.55
brung back,0,69,0%,5.62
ai upscaling vs traditional methods,0,69,0%,7.1
ai put a dead womans photo on my business profile,0,69,0%,8.68
how to create a family portrait,0,68,0%,10.38
digital photo restoration prices,0,67,0%,12.64
restore old pictures,0,66,0%,60.88
bringback ai photo restoration review,0,65,0%,3.95
how to make old pictures move,0,65,0%,5.86
ai family pic,0,65,0%,10.46
restore an old photo,0,65,0%,55.43
ai photo restoration techniques 2026,0,64,0%,4.03
"i am a 18-24, 25-34, 35-44, 45-54, 55-64, or 65+ year old. i work at a 
company with 1-249 employees, 250-1k employees, 1k-10k employees, or 10k+ 
employees. my main motivations: creative professionals such as designers, 
photographers, video professionals, etc. want to continue to deliver 
successful results and be recognized for their creativity as well as feel 
proud of the things they have created. have a deep passion and are experts 
in their space. my main pain points: push for efficiency and results 
hinders quality. teams are having to adopt a lot of new tech fast. 
non-creative tasks and processes are energy draining and feel that their 
profession is undervalued. do ai editors preserve detail when enlarging an 
image",0,64,0%,6.08
wedding photo restoration,0,64,0%,12.14
how to make ai family photo,0,63,0%,2.32
onlinephotofix,0,63,0%,7.62
create a family picture with ai,0,61,0%,5.56
bring to back,0,61,0%,10.8
restore and enlarge old photos,0,61,0%,76.69
best photo restoration techniques 2025 2026 ai traditional,0,60,0%,5.68
how to animate old photo ai tools 2026,0,60,0%,7.2
ai.nero.come/photo-restore,0,60,0%,7.75
bring a picture to life,0,60,0%,10.6
water damaged photo restoration,0,60,0%,22.62
photo colorization,0,60,0%,59.02
how much does it cost to restore old photos,0,58,0%,8.84
colorized photos,0,58,0%,64.78
how to make a family photo using ai,0,57,0%,2.14
how to create ai family photo,0,57,0%,3.53
photo restoration price,0,57,0%,10.21
old damaged photographs,0,57,0%,77.96
back ai,0,56,0%,5.36
make old photos move ai,0,56,0%,7
pictures moving without account,0,56,0%,7.93
old photo restored,0,56,0%,77.27
ai photo family,0,55,0%,8.96
restoring old picture,0,55,0%,82.85
ai add person to photo,0,55,0%,83.49
bring bac,0,54,0%,5
how to scan old photos for the best resolution,0,54,0%,16.26
how does ai image colorization work,0,53,0%,6.38
make old pictures come to life,0,53,0%,7.96
apps for combining photos of family,0,53,0%,10.36
old photo restoration online free,0,53,0%,68.13
old photos restore,0,53,0%,75.81
bring a photo to life with ai,0,51,0%,5.08
cost of photo restoration,0,51,0%,9.24
ai family pictures,0,51,0%,10.45
best ai tools to animate old family photos 2026,0,51,0%,12.1
old photos restoration,0,51,0%,67.47
ai photo colorization techniques,0,50,0%,3.22
how to animate old photo of person make them alive ai tool 2026,0,50,0%,6.34
how to bring old family photos to life,0,50,0%,11.72
how to add a deceased loved one to a photo,0,50,0%,12.3
animating old photos,0,50,0%,13.22
remove grain from photo,0,50,0%,47.28
best ai tools to animate old photos 2026,0,49,0%,13.51
how to bring back,0,48,0%,7.19
make photos move ai,0,48,0%,9.75
restoration old photo,0,48,0%,70.94
old pictures restored,0,48,0%,73.44
bring my photo to life,0,47,0%,5.28
how do ai photo restoration tools work?,0,47,0%,6.06
traditional vs ai image upscaling methods,0,46,0%,7.24
add a loved one to a photo,0,46,0%,20.96
restore photos,0,46,0%,62.89
pictures restoration,0,46,0%,83.48
what is ai photo colorization?,0,45,0%,6.29
"is there an easy way to make an old black-and-white family photo look like 
a living video so i can see them blink and smile?",0,45,0%,6.89
bring picture to life,0,45,0%,12.82
jpeg photo repair cost,0,45,0%,14.24
how to restore water damaged photos,0,45,0%,39.4
photos restore,0,45,0%,55.96
old damaged photograph,0,45,0%,76.8
"deceased, but still animate”",0,44,0%,2.61
best ways to animate old family photos 2026,0,44,0%,9.59
ai image colorization techniques,0,44,0%,10.52
create group photo individual photos,0,44,0%,15.32
old damaged photo,0,44,0%,51.27
restore pictures,0,44,0%,71.57
site:bringback.pro,0,43,0%,3.79
"i am a under 18, 18-24, 25-34, or 35-44 year old. my main motivations: are 
people who make social content with the intention to monetize their social 
presence - ad revenue, affiliate revenue, brand partnership, merchandise, 
etc. top platforms are tiktok, instagram, youtube and facebook but use 
social platforms in general. like easy to use and user friendly interfaces 
rather than complex tools. my main pain points: pressure to create new 
content and post consistently which could lead to creative burnout. 
inconsistent income. algorithm bias and challenges to be discovered. 
licensing or copyright issues. increasing competition. do ai editors 
preserve detail when enlarging an image",0,43,0%,5.77
is ai upscaling generative ai,0,43,0%,7.05
ai tools to animate old family photo into video 2026,0,43,0%,7.67
restore old picture,0,43,0%,55.72
photos colorized,0,43,0%,73.47
animate old photo ai,0,42,0%,8.29
old picture restore,0,42,0%,64.24
how can i bring old family photos to life?,0,41,0%,6.54
ai image restoration explained,0,41,0%,7.44
family ai,0,41,0%,12.68
animate photos ai,0,41,0%,20.17
old faded photo restoration,0,41,0%,30.2
create family photo from individual photos,0,40,0%,5
ai bring,0,40,0%,6.15
how to make photos move with ai,0,40,0%,6.88
how to use photo revive ai,0,40,0%,10.15
move on photos,0,40,0%,19.07
image colorization services,0,40,0%,29.88
affordable photo restoration,0,40,0%,39.1
restore old photos online free,0,40,0%,61.48
restoring photo,0,40,0%,63.83
damaged photo restoration,0,40,0%,72.2
ai rip photo,0,39,0%,3.67
bring my ai to life,0,39,0%,7.28
how to animate old family photo ai tools 2026,0,39,0%,7.49
combine family,0,39,0%,7.56
what are the top creative uses for old family photos?,0,39,0%,7.9
best tools to animate old photos 2025,0,39,0%,8.51
make photo come to life,0,39,0%,9.23
restore photo,0,39,0%,58.18
restore old photograph,0,39,0%,81.92
ai bring old photos to life,0,38,0%,3.47
cost to restore old photos,0,38,0%,11.21
bring old pictures to life,0,38,0%,12.63
ai bringing photos to life,0,38,0%,14.29
make pictures move ai,0,38,0%,18.03
image move ai,0,38,0%,18.5
restore photographs,0,38,0%,62.29
old picture restoration,0,38,0%,69.84
restoring old pictures,0,38,0%,71.68
restoring an old photo,0,38,0%,74.58
family photo in ai,0,37,0%,1.38
limitations of ai image enlargement detail preservation,0,37,0%,3.08
how to bring old photos to life,0,37,0%,4.97
make image move ai,0,37,0%,13.86
bringing old photos back to life,0,37,0%,16.68
restoring old photographs,0,37,0%,59.54
"can i get an old group photo to look natural after restoring and subtly 
animating individual faces?",0,36,0%,5.33
old pic joiner,0,36,0%,6.11
ai make a family photo,0,36,0%,7.03
advanced ai photo restoration techniques 2026,0,36,0%,7.72
act-bring your photos to life,0,36,0%,7.86
demographics users ai photo colorization tools genealogy,0,36,0%,9.11
family pictures ai,0,36,0%,9.11
make your photos come to life,0,36,0%,10.58
animate family photos,0,36,0%,16.75
photos come to life,0,36,0%,18.83
restoration of old pictures,0,36,0%,69.28
old photo repair,0,36,0%,75.28
what’s the most advanced ai software for animating old pictures?,0,35,0%,2.17
how to bring photos to life with ai,0,35,0%,7.6
bringing pictures to life,0,35,0%,7.74
ai photos to life,0,35,0%,9.46
generate family photo ai,0,35,0%,13.4
adding deceased person to photo,0,35,0%,21.8
add a deceased person to a photo,0,35,0%,32.74
ai photo upscaling preserve details vs traditional methods 2025 2026,0,34,0%,1.12
best practices for ai photo restoration 2026,0,34,0%,1.91
bring the picture,0,34,0%,6.5
bring an image to life,0,34,0%,9.12
jpeg image repair cost,0,34,0%,9.44
was bedeutet restored fotos,0,33,0%,2.94
simple steps to enhance old wedding photos on mobile,0,33,0%,3.61
make an old photo come to life,0,33,0%,3.7
how to animate old family photo ai tool,0,33,0%,8.88
letsenhance dedicated old photo model,0,33,0%,9.15
traditional vs ai photo restoration methods,0,33,0%,9.48
traditional vs ai photo colorization methods,0,33,0%,9.61
how to make photos come to life,0,33,0%,10.45
"in photoshop what's the best generative feature for fixing old damaged 
photos? i have my grandma's wedding photos with tears and stains that need 
restoration by the family reunion.",0,33,0%,10.61
photo back,0,33,0%,13.39
demographics users ai photo colorization old family photos,0,33,0%,14.58
pictures come to life,0,33,0%,26.18
restoring water damaged photos,0,33,0%,27.03
ai photo animation software,0,33,0%,65.79
restoration old photos,0,33,0%,68.94
traditional vs ai upscaling methods comparison,0,32,0%,6.12
making photos come to life,0,32,0%,6.69
ai to bring photos to life,0,32,0%,8.19
old photo animation ai,0,32,0%,8.38
how to make pictures come to life,0,32,0%,12.25
photos that move,0,32,0%,18.47
photo restoration online,0,32,0%,54.09
old photo restore,0,32,0%,66.91
old photos restored,0,32,0%,76.78
cheapest ai photo restoration service,0,31,0%,3.32
ai bring picture to life,0,31,0%,5.13
how to animate old photos using ai,0,31,0%,6.52
"""generative fill"" vs ""generative upscale"" photoshop 2026",0,31,0%,8.06
how to animate old photos ai tools 2026,0,31,0%,8.19
bring old photos to life ai free,0,31,0%,8.77
ai make pictures move,0,31,0%,9.97
restoration of old photos,0,31,0%,63.77
restoration of old photographs,0,31,0%,71.35
ai tool to turn photo into family portrait frame standing pose,0,30,0%,4.53
back to image,0,30,0%,7.37
ai tools to animate old photos,0,30,0%,10.57
ai generate family photo,0,30,0%,15.37
how to restore old damaged photos,0,30,0%,24.77
how to make ai family portrait,0,29,0%,1.93
how to make photos come to life with ai,0,29,0%,2.72
back pro,0,29,0%,7.31
how to bring photos to life,0,29,0%,8
bring back life,0,29,0%,8.1
"how can i repair torn, water-stained or missing parts of an old photo with 
ai and what file format/resolution gives the best results",0,29,0%,8.31
bring image to life,0,29,0%,8.76
family ai picture,0,29,0%,8.76
how to animate old photos online,0,29,0%,9.45
do ai editors preserve detail when enlarging an image?,0,29,0%,9.79
family portrait from photo,0,29,0%,20.31
adding deceased loved ones to photos,0,29,0%,23.14
how much does art restoration cost,0,29,0%,30.28
old pictures restoration,0,29,0%,63.97
how to create a family portrait using ai,0,28,0%,2.93
ai image colorization techniques explained,0,28,0%,4.46
what are the key techniques used in ai photo colorization?,0,28,0%,5.04
"how to combine multiple photos into one family portrait using ai image 
editing",0,28,0%,6
make a family picture,0,28,0%,6.93
make a family picture ai,0,28,0%,7
memories should.move bring every photo to life with ai,0,28,0%,7.32
ai photo colorization advancements 2024 2025,0,28,0%,8.21
family picture ai generator,0,28,0%,8.29
move the picture ai,0,28,0%,8.79
demographics users ai photo colorization tools,0,28,0%,11.61
what companies will animate old photos,0,28,0%,15.04
photoscanrestore.com,0,28,0%,38.89
restore a photo,0,28,0%,73.25
what is the process of ai photo restoration?,0,27,0%,2.52
how to bring a photo to life with ai,0,27,0%,2.78
professional photo restoration service price,0,27,0%,5.37
best ways to animate old photos 2025 2026,0,27,0%,6.3
ai image family,0,27,0%,7
"how can i make a short animated video from an old family photo on my phone 
step-by-step for beginners",0,27,0%,8.56
free ai tools to animate old photos 2026,0,27,0%,10.93
making pictures come to life,0,27,0%,13.04
can water damaged photos be repaired,0,27,0%,21.41
restore damaged photographs,0,27,0%,50.85
fix old photos,0,27,0%,70.44
repair old photo,0,27,0%,77.04
app to make old photos move,0,26,0%,2.15
ai-powered photo restoration techniques 2025 2026,0,26,0%,3.65
best ai to animate old photos,0,26,0%,3.88
advanced photo restoration techniques ai,0,26,0%,4.23
ai photo restoration techniques 2025 or 2026,0,26,0%,4.96
"ai image enlargement upscaling quality detail preservation vs traditional 
methods",0,26,0%,5.12
look alive ai,0,26,0%,8.69
best ways to animate old photos 2026,0,26,0%,8.73
add loved one to photo app,0,26,0%,17.58
fixing old photos,0,26,0%,24.73
how to get old pictures back,0,26,0%,56
do ai image editors preserve detail when enlarging or upscaling images,0,25,0%,1.6
make your old photo bring back to life,0,25,0%,2.88
gemini ai photo,0,25,0%,3.56
ai make old photos come to life,0,25,0%,3.6
how to use ai to animate old photos,0,25,0%,4.68
ai techniques for bringing old photos to life,0,25,0%,4.8
old photos to life ai,0,25,0%,6.12
make a family portrait,0,25,0%,10.36
"""old photo restoration"" unsplash",0,25,0%,10.44
1200 dpi scan,0,25,0%,10.52
ai mood transfer photo,0,25,0%,25.32
animate a photo,0,25,0%,26.24
color back,0,25,0%,36.52
restore images,0,25,0%,66.36
do ai image editors preserve detail when enlarging or upscaling images?,0,24,0%,1.08
how to create ai family portrait,0,24,0%,3.75
ai techniques for simulating movement in old photos,0,24,0%,3.79
how to use ai to bring old photos to life,0,24,0%,4.12
recrear fotos,0,24,0%,4.92
bring photos back to life,0,24,0%,5.54
animating old photos with ai,0,24,0%,5.92
family photo from individual photos,0,24,0%,6.17
ai that brings photos to life,0,24,0%,6.46
back to photo,0,24,0%,6.62
"""quizzical look helps to bring the photo alive""",0,24,0%,7.08
ai old photos to life,0,24,0%,7.54
"i am a under 18, 18-24, 25-34, 35-44, or 45-54 year old. my main 
motivations: photography is a hobby active and is a creative outlet to 
preserve their memories. photography is fueled by personal interest and 
want to create emotionally resonant photos to share. many want to grow 
their photography skills. my main pain points: pain point is editing with 
needing help to remove imperfections or unwanted objects, adding effects, 
adjusting detail, etc. while preserving photo integrity. managing photos 
can be overwhelming with large collections and also can run out of storage 
so many opt for cloud storage. do ai editors preserve detail when enlarging 
an image",0,24,0%,7.92
best ai tools to animate old family photo add motion 2025 2026,0,24,0%,8.62
make family photo ai,0,24,0%,8.75
act - bring your photos to life,0,24,0%,8.88
make picture move,0,24,0%,8.92
how to restore old photographs digitally,0,24,0%,9.17
photo restoration cost per photo,0,24,0%,11.71
old photo restoration cost,0,24,0%,14.08
bring images to life with ai,0,24,0%,14.67
incorporating a lost loved one in pictures,0,24,0%,16.04
make pictures come to life free,0,24,0%,17.38
animate your family photos,0,24,0%,23.96
where can i restore old photos,0,24,0%,34.25
grain remover,0,24,0%,48.08
restoring old photo,0,24,0%,68.21
add death person.in.family.photo ai.prompt,0,23,0%,2.48
how to make family photo with ai,0,23,0%,3.04
ai that makes pictures come to life,0,23,0%,3.61
"i am a 18-24, 25-34, 35-44, 45-54, 55-64, or 65+ year old. i work at a 
company with 1-249 employees, 250-1k employees, 1k-10k employees, or 10k+ 
employees. my main motivations: creative professionals such as designers, 
photographers, video professionals, etc. want to continue to deliver 
successful results and be recognized for their creativity as well as feel 
proud of the things they have created. have a deep passion and are experts 
in their space. my main pain points: push for efficiency and results 
hinders quality. teams are having to adopt a lot of new tech fast. 
non-creative tasks and processes are energy draining and feel that their 
profession is undervalued. can ai editors restore damaged or old photos 
automatically",0,23,0%,4.13
what is ai image restoration?,0,23,0%,4.13
make a photo come to life ai,0,23,0%,5.09
how to bring a photo to life,0,23,0%,5.87
"how much does it typically cost to have old photos restored by ai in india 
and are there reliable local services",0,23,0%,6.7
vintage photo colorization services,0,23,0%,6.83
bring your pictures to life,0,23,0%,7
restore old damaged photos online,0,23,0%,7.7
come back photos,0,23,0%,8.57
animate old photos online,0,23,0%,10.48
ai generated family portraits,0,23,0%,12.13
make+a+family+portrait,0,23,0%,15.48
most advanced ai software for animating old pictures,0,23,0%,16.43
where to restore old photos,0,23,0%,50.57
repairing old photos,0,23,0%,60.57
how to get old photos back,0,23,0%,61.7
restoring pictures,0,23,0%,64.17
bringback.pro review,0,22,0%,2.27
bringing old photos to life,0,22,0%,9.45
ai photo colorization techniques 2026,0,22,0%,16.14
remove grain,0,22,0%,30.64
how to recover old photos,0,22,0%,76.73
how to make ai family picture,0,21,0%,2.71
ai video upscaling vs traditional methods differences artifacts,0,21,0%,3.14
how to make a photo move with ai,0,21,0%,3.43
ai image restoration techniques 2025 2026,0,21,0%,3.67
black and white ai family,0,21,0%,5.19
generative fill vs traditional cloning healing in photo editing,0,21,0%,6.1
liveportrait ai 2026,0,21,0%,6.33
how to animate old family photo online free tools 2025,0,21,0%,6.71
"how do popular image upscaling ai tools compare in terms of accuracy and 
speed?",0,21,0%,7.52
best free online ai tool animate old family photos realistic movements 2026,0,21,0%,7.62
advanced photo restoration techniques 2025 2026,0,21,0%,8
ai photo restoration explained,0,21,0%,8.05
family group photo ai,0,21,0%,8.1
ai tools to animate old family photo add motion 2025 2026,0,21,0%,8.76
tools for animating old photos,0,21,0%,8.81
why can't i animate photos anymore,0,21,0%,11.67
make a picture come to life,0,21,0%,13.52
bringing a photo to life,0,21,0%,16.19
fix water damaged photo,0,21,0%,19.57
bring ai image,0,21,0%,25.38
restored photos,0,21,0%,50.29
"""match the lighting and perspective"" photo editing",0,20,0%,3.55
ai tools for historical photo animation,0,20,0%,4.7
how does a photo animation app work?,0,20,0%,5.35
generative fill vs traditional cloning healing brush in photo editing,0,20,0%,6.15
ai image upscaling vs traditional methods,0,20,0%,6.2
best ways to animate old photos 2025,0,20,0%,6.65
family portrait app,0,20,0%,7.15
create family portrait,0,20,0%,7.5
how much does it cost to restore a photo,0,20,0%,7.8
traditional vs ai image upscaling techniques,0,20,0%,9.05
why does ai change faces,0,20,0%,9.5
ai photo colorization techniques 2025 2026,0,20,0%,10.65
ai makes photos come to life,0,20,0%,12.45
old pictures come to life,0,20,0%,13.55
how to bring a picture to life,0,20,0%,18.35
jpg photo repair cost,0,20,0%,20.7
how to bring pictures to life,0,20,0%,22.6
how to restore images,0,20,0%,29.15
water damaged photos restoration,0,20,0%,31.55
how to restore photos from gallery,0,20,0%,72.15
ai image upscaling preserve details vs traditional methods 2025 2026,0,19,0%,1
ai image enlargement vs traditional upscaling detail preservation,0,19,0%,3.26
demographics users photo colorization tools genealogy,0,19,0%,3.47
latest advancements in ai photo restoration march 2026,0,19,0%,3.53
bring a photo,0,19,0%,7
family picture ai generator free,0,19,0%,10.58
ai family pics,0,19,0%,10.68
family portraits ai,0,19,0%,10.79
family portrait creator free,0,19,0%,13.63
photo restoration water damage,0,19,0%,22.42
bring an image to life ai,0,19,0%,25.68
pictures that come to life,0,19,0%,25.84
family photo merge,0,19,0%,30.21
move on picture,0,19,0%,34.47
photo restore online,0,19,0%,42.53
how to get your old photos back,0,19,0%,63.63
restore a picture,0,19,0%,74.89
how can i recover old photos,0,19,0%,83.16
what is photo restoration?,0,18,0%,2
advanced photo restoration techniques ai 2025 2026,0,18,0%,2.89
how ai photo restoration works explained,0,18,0%,3.44
what is the process of ai photo colorization?,0,18,0%,4.61
what are the benefits of ai photo restoration?,0,18,0%,5.67
ai photo restoration how it works,0,18,0%,6.17
how to make old pictures come to life,0,18,0%,6.39
ai making photos come to life,0,18,0%,6.44
bring pic,0,18,0%,6.5
ai photo animation services,0,18,0%,7.78
how much does it cost to restore a photo?,0,18,0%,8.17
how to animate old photos ai,0,18,0%,8.83
ai tools for animating historical family photos companies,0,18,0%,9.39
ai photo generator family photo,0,18,0%,10.61
ai move picture,0,18,0%,10.67
restore old photos without photoshop,0,18,0%,11.39
bring old photos to life online,0,18,0%,12.39
jpg image repair online cost,0,18,0%,12.44
image joiner,0,18,0%,13.39
animation techniques for bringing static photos to life,0,18,0%,17.78
bring photos to life with ai free,0,18,0%,23.5
restore old damaged photos,0,18,0%,25.33
restore picture,0,18,0%,63.39
how do you restore pictures,0,18,0%,70.39
restoration photo,0,18,0%,79.89
ai make photos come to life,0,17,0%,1.88
picture restoration near me,0,17,0%,2.35
making old photos come to life,0,17,0%,3.47
"can i bring movement to a still photo of my late parent so it feels like 
they're alive again for my grief?",0,17,0%,5.71
best ai tools to animate old family photos 2025 2026,0,17,0%,6.59
how to combine multiple photos into one family portrait,0,17,0%,6.76
image again,0,17,0%,7.29
ai photo of family,0,17,0%,7.71
nero ai photo restoration is it safe,0,17,0%,8
ai platform that can automatically create group shots of coordinated skus,0,17,0%,8.18
family photo with ai,0,17,0%,8.76
ai photo join,0,17,0%,8.94
how long does a 1200 dpi scan take,0,17,0%,9.71
"""bringing teammates to life with live selfies""",0,17,0%,9.76
target audience for ai photo colorization tools,0,17,0%,15.35
ai bring photo to life free,0,17,0%,24.06
colorization service,0,17,0%,24.76
best dpi for scanning photos,0,17,0%,37
colorize photographs,0,17,0%,51.12
how to restore images in gallery,0,17,0%,55.53
how to restore old photographs,0,17,0%,66.18
colorize black,0,17,0%,76.29
ai that can make pictures move,0,16,0%,1
limitations of ai image upscaling detail preservation,0,16,0%,2.56
is it animated look for photos,0,16,0%,3.94
animate old photos with ai free,0,16,0%,4.5
"""match the lighting and perspective"" image editing",0,16,0%,4.81
how to animate an old photo,0,16,0%,5.12
how does ai image restoration work?,0,16,0%,6
"""match the lighting and perspective""",0,16,0%,6.5
make us a family,0,16,0%,6.69
online photo colorization services,0,16,0%,6.88
photo join,0,16,0%,6.88
ai photo family picture,0,16,0%,7.38
jpg image repair cost,0,16,0%,7.44
how to bring back a,0,16,0%,7.62
animate old photos ai tools 2026,0,16,0%,8.19
ai upscaling vs traditional interpolation methods,0,16,0%,9.62
make photos alive,0,16,0%,10.25
ai stitch photos together,0,16,0%,10.38
how to bring back old photos,0,16,0%,12.38
make your pictures come to life,0,16,0%,13.06
adding deceased loved one to photo,0,16,0%,16.06
animat photo,0,16,0%,20.12
bring old photos to life app,0,16,0%,21.38
ai bring photos to life free,0,16,0%,22.94
animated photo,0,16,0%,34.12
animate photos,0,16,0%,38.31
how to get back old photos,0,16,0%,55.31
how to restore pictures from gallery,0,16,0%,60.12
how to restore photos to gallery,0,16,0%,62.31
how to degrain a photo,0,16,0%,62.62
how do i restore pictures,0,16,0%,71.94
i want to restore my photos,0,16,0%,79.25
how to make old photos live,0,15,0%,1.67
how to make a photo with someone who passed away,0,15,0%,3.13
photo restoration services,0,15,0%,3.2
bring back old photos,0,15,0%,3.53
combine old family photos,0,15,0%,3.6
bring it back photos,0,15,0%,3.67
ai bring pictures to life,0,15,0%,3.73
how to do ai family photo,0,15,0%,4.2
"""restored photo"" unsplash",0,15,0%,4.33
how does ai photo restoration work explained,0,15,0%,4.33
bring old pictures to life ai,0,15,0%,5.07
foto restoration cost estimate,0,15,0%,5.27
bring my photos to life,0,15,0%,5.47
"best free online ai tools to animate old family photos realistic movements 
2026",0,15,0%,6.33
animate memories,0,15,0%,7.13
ai photo with passed loved one,0,15,0%,7.4
back to picture,0,15,0%,7.53
make ai family photo,0,15,0%,7.73
generate ai family photo,0,15,0%,8.47
bring color,0,15,0%,9
best ai family portrait generator,0,15,0%,9.2
how do i denoise an image using generative fill in photoshop?,0,15,0%,10.07
genealogy photo restoration,0,15,0%,12.8
bring image to life ai free,0,15,0%,15.87
animated look for photos,0,15,0%,16.93
photos alive,0,15,0%,20.6
restoration prices,0,15,0%,20.67
how to make a picture come to life,0,15,0%,27.73
colorful image colorization service,0,15,0%,30.8
bring back loved ones,0,15,0%,31.4
revitalize your site with ai,0,15,0%,60.73
how to restore photos in gallery,0,15,0%,64
water damaged photo restoration online,0,14,0%,1
do ai image upscalers preserve detail when enlarging images?,0,14,0%,1.64
"guangdong-based multimedia enhancement software data recovery ai photo 
animation",0,14,0%,1.71
ai image enlargement vs traditional upscaling detail preservation 2025 2026,0,14,0%,1.79
how to make an old photo move,0,14,0%,1.79
create a family portrait with ai,0,14,0%,2
what are the key features of the ai tool that animates old photos?,0,14,0%,3.21
"what are the limitations, common artifacts and ethical concerns when using 
ai to restore historic or family photos",0,14,0%,4.93
combine family photos,0,14,0%,5.21
make my photo come to life,0,14,0%,5.21
create a group photo from individual photos online free,0,14,0%,5.43
best ai family portrait generator from multiple photos 2026,0,14,0%,6.29
make still photos come to life,0,14,0%,6.29
ai bring a photo to life,0,14,0%,6.5
bring old photos to life animation,0,14,0%,6.57