URL,Last crawled
https://bringback.pro/app/back-to-life-photo-app,2026-08-05
https://bringback.pro/features/merge-images,2026-08-02
https://bringback.pro/features/photo-joiner,2026-08-02
https://bringback.pro/features/add-deceased-loved-one-to-photo,2026-08-02
https://bringback.pro/app/sharpen-wedding-photos,2026-07-25
https://bringback.pro/blog/are-ai-upscalers-making-up-details,2026-07-25
https://bringback.pro/blog/photoshop-generative-fill-vs-purpose-built-ai,2026-07-25
https://bringback.pro/restore/ai-photo-restoration-online,2026-07-25
https://bringback.pro/restore/nero-ai-photo-restoration,2026-07-25
https://bringback.pro/app/animate-old-photos,2026-07-23
https://bringback.pro/blog/what-is-ai-photo-restoration,2026-07-23
https://bringback.pro/blog/why-bringback-ai-is-the-ultimate-choice-for-precious-family-photo-restoration-animation,2026-07-21
https://bringback.pro/restore/fix-yellowed-ancestor-photo,2026-07-21
https://bringback.pro/restore/best-way-to-scan-photos,2026-07-20
https://bringback.pro/restore/fix-yellowed-wedding-photo,2026-07-20
https://bringback.pro/blog/can-ai-truly-restore-original-colors-to-old-photos,2026-07-19
https://bringback.pro/restore/remove-scratches-from-pictures,2026-07-19
https://bringback.pro/restore/fix-dusty-holiday-snap,2026-07-18
https://bringback.pro/restore/fix-water-damaged-baby-photo,2026-07-12
https://bringback.pro/restore/fix-faded-family-portrait,2026-07-07
https://bringback.pro/restore/fix-scratched-baby-photo,2026-07-06
https://bringback.pro/restore/fix-torn-holiday-snap,2026-07-06
https://bringback.pro/restore/fix-blurry-graduation-photo,2026-07-05
https://bringback.pro/restore/fix-creased-holiday-snap,2026-07-05
https://bringback.pro/restore/fix-torn-graduation-photo,2026-07-05
https://bringback.pro/restore/photo-restoration-app-free,2026-07-05
https://bringback.pro/restore/ai-old-photo-restoration-online-free,2026-07-04
https://bringback.pro/restore/colorize-black-and-white,2026-07-04
https://bringback.pro/restore/fix-dusty-childhood-photo,2026-07-04
https://bringback.pro/restore/fix-dusty-graduation-photo,2026-07-04
https://bringback.pro/restore/fix-torn-childhood-photo,2026-07-04